rank,school,sc_entry_6yr,sc_10yr,entry_blend,oi_earnings,georgetown_npv10,collegefactual_early,payscale_early,payscale_mid,n_sources
1,MIT,131633,143372,115816,98500,579000,100000,,,4
2,Harvey Mudd,115107,138687,101054,82400,476000,87000,,,4
3,Olin College,105483,129455,105483,,483000,,,,2
4,Caltech,132140,128566,100570,83000,627000,69000,,,4
5,Stanford,102887,124080,97944,84800,509000,93000,,,4
6,Babson,91354,123938,84177,95300,353000,77000,,,4
7,Bentley,86679,120959,76840,79800,312000,67000,,,4
8,Carnegie Mellon,105360,114862,94680,78400,363000,84000,,,4
9,UPenn,90555,111371,90778,91800,375000,91000,,,4
10,Princeton,87815,110066,80908,90700,477000,74000,,,4
11,Santa Clara,91198,109183,77599,72500,268000,64000,,,4
12,Stevens Institute,90326,108772,79163,92100,304000,68000,,,4
13,Lehigh,88810,105584,77905,81200,325000,67000,,,4
14,Claremont McKenna,87603,104736,77802,69900,389000,68000,,,4
15,Boston College,85717,103937,75358,71800,258000,65000,,,4
16,Georgetown,83222,103494,82111,84400,275000,81000,,,4
17,WPI,85038,103470,75519,85200,258000,66000,,,4
18,Georgia Tech,89432,102772,77716,78900,407000,66000,,,4
19,Columbia,88535,102491,83268,75300,364000,78000,,,4
20,RPI,83054,102051,75027,84100,297000,67000,,,4
21,Harvard,99572,101817,95286,81500,392000,91000,,,4
22,Rose-Hulman,85935,101253,85935,83600,276000,,,,3
23,Yale,81765,100533,74882,76000,364000,68000,,,4
24,Villanova,84905,100423,74952,78300,245000,65000,,,4
25,Notre Dame,86210,99980,78105,78800,317000,70000,,,4
26,Duke,85792,97800,89396,87500,308000,93000,,,4
27,Dartmouth,82541,97434,78770,76600,295000,75000,,,4
28,Colorado Mines,82950,97335,78975,81500,314000,75000,,,4
29,Washington and Lee,76516,94810,76516,78200,273000,,,,3
30,Bucknell,78852,93807,70426,71800,217000,62000,,,4
31,Brown,79131,93487,72066,66900,282000,65000,,,4
32,Northeastern,78413,92538,68206,61800,275000,58000,,,4
33,USC,74461,92498,67730,63700,272000,61000,,,4
34,UC Berkeley,74919,92446,66460,67900,331000,58000,,,4
35,University of Chicago,80870,91885,76435,61700,320000,72000,,,4
36,Vanderbilt,73909,91565,67954,72800,312000,62000,,,4
37,Lafayette,80614,91410,69307,75300,232000,58000,,,4
38,GWU,71607,90873,71607,63900,224000,,,,3
39,Trinity College,67628,90779,67628,67300,220000,,,,3
40,Cal Poly San Luis Obispo,72358,90768,63679,65500,318000,55000,,,4
41,United States Military Academy,96770,90610,96770,,,,,,1
42,Holy Cross,69984,90543,69984,,207000,,,,2
43,Bryant,66488,90008,66488,73300,203000,,,,3
44,University of San Francisco,69951,89812,69951,56900,203000,,,,3
45,Rice,79751,89718,73876,76700,334000,68000,,,4
46,Clarkson University,76970,89696,76970,73300,248000,,,,3
47,Northwestern,76844,89363,74422,72600,289000,72000,,,4
48,Milwaukee School of Engineering,75114,89070,75114,72700,299000,,,,3
49,Fairfield,73693,88794,73693,69900,181000,,,,3
50,Williams,71754,88665,61377,62600,251000,51000,,,4
51,University of Maryland,82754,88174,66377,,292000,50000,,,3
52,Case Western,75613,87989,72806,73400,208000,70000,,,4
53,Johns Hopkins,86306,87555,77153,75000,347000,68000,,,4
54,Providence,69326,87054,69326,66300,166000,,,,3
55,Saint Joseph's,66438,86881,66438,,213000,,,,2
56,UVA,72359,86863,64680,71200,280000,57000,,,4
57,University of San Diego,64995,86522,64995,61200,229000,,,,3
58,Manhattan College,64472,86316,64472,,244000,,,,2
59,Wash U St. Louis,78073,86182,70536,67500,309000,63000,,,4
60,Fordham,68008,85569,61004,63300,170000,54000,,,4
61,Colgate,64949,85139,59474,71500,252000,54000,,,4
62,UC San Diego,65669,84943,56834,65300,303000,48000,,,4
63,Wellesley,65961,84803,57480,56300,247000,49000,,,4
64,Drexel,69063,84648,61532,65500,208000,54000,,,4
65,NJIT,69591,84276,62296,71600,298000,55000,,,4
66,Embry-Riddle,65391,84131,65391,65600,185000,,,,3
67,Cooper Union,39707,83847,39707,,227000,,,,2
68,Quinnipiac,65744,83759,65744,60000,178000,,,,3
69,Boston University,65655,83238,59328,62000,229000,53000,,,4
70,Tufts,68337,83214,62668,73100,177000,57000,,,4
71,Pepperdine,64934,82939,64934,55800,148000,,,,3
72,University of Portland,67913,82804,67913,56100,211000,,,,3
73,Bowdoin,61692,82735,59346,61000,268000,57000,,,4
74,Loyola Maryland,64453,82652,64453,69800,213000,,,,3
75,Illinois Tech,70803,82592,70803,72300,267000,,,,3
76,UCLA,59063,82511,55532,65800,277000,52000,,,4
77,NYU,64543,82509,60272,58100,206000,56000,,,4
78,Virginia Tech,67377,81698,58688,62300,274000,50000,,,4
79,Davidson,62866,81400,55933,60300,256000,49000,,,4
80,Ohio University,62686,80928,62686,42000,149000,,,,3
81,UC Davis,58461,80838,51730,61600,272000,45000,,,4
82,UC Irvine,56210,80735,50105,60400,280000,44000,,,4
83,Barnard,60411,80516,56706,56300,227000,53000,,,4
84,Colby,60052,80490,55026,59200,261000,50000,,,4
85,Swarthmore,56211,80257,50606,56700,229000,45000,,,4
86,Emory,74980,80137,70490,67800,266000,66000,,,4
87,Haverford,53353,79966,48676,57200,228000,44000,,,4
88,Syracuse,60459,79164,60459,61100,163000,,,,3
89,University of Rochester,68333,79042,58666,62000,211000,49000,,,4
90,San Jose State,62448,78988,62448,56500,282000,,,,3
91,Gonzaga,66525,78892,66525,54900,193000,,,,3
92,Saint Mary's College of California,60388,78812,60388,55200,201000,,,,3
93,Linfield University,70643,78638,70643,50100,215000,,,,3
94,Hamilton,60082,78411,57541,60300,229000,55000,,,4
95,SMU,65556,78354,66778,55400,161000,68000,,,4
96,Loyola Marymount,62763,78349,62763,56200,115000,,,,3
97,Marquette,65241,78257,65241,60100,212000,,,,3
98,Michigan Tech,69672,78198,69672,65900,293000,,,,3
99,Wake Forest,67722,78158,65361,71500,196000,63000,,,4
100,Marist,62546,77819,62546,59500,154000,,,,3
101,Pomona,60850,77779,55925,62000,238000,51000,,,4
102,Amherst,62537,77644,62268,69300,251000,62000,,,4
103,Scripps,68027,77539,68027,46400,184000,,,,3
104,American University,61328,77370,61328,59100,125000,,,,3
105,Butler,61627,77235,61627,57300,161000,,,,3
106,Brandeis,52967,77231,49984,63100,154000,47000,,,4
107,RIT,65457,76571,58228,62400,207000,51000,,,4
108,George Mason,60536,76343,60536,56500,253000,,,,3
109,Middlebury,57291,76310,52646,61800,214000,48000,,,4
110,University of Richmond,67927,76178,67927,69600,215000,,,,3
111,Franklin and Marshall College,62544,76124,62544,,159000,,,,2
112,CUNY Baruch College,61542,75971,61542,57600,329000,,,,3
113,Occidental,52209,75951,52209,49000,127000,,,,3
114,BYU,58450,75790,58450,32600,262000,,,,3
115,University of Dayton,62477,75537,62477,57300,197000,,,,3
116,Carleton,53989,75525,48494,51700,170000,43000,,,4
117,Adelphi,63688,75482,63688,50700,217000,,,,3
118,University of Miami,61508,75328,61508,54800,168000,,,,3
119,Seattle U,64656,75272,64656,55400,181000,,,,3
120,Bryn Mawr,53102,75217,53102,47400,98000,,,,3
121,University of Texas at Austin,60896,75121,56448,57900,244000,52000,,,4
122,Connecticut College,49165,75001,49165,55500,159000,,,,3
123,UC Santa Barbara,56852,74915,49926,58800,255000,43000,,,4
124,Duquesne University,62627,74742,62627,56300,166000,,,,3
125,Elon,58082,74545,58082,47300,133000,,,,3
126,Stony Brook,59492,74502,59492,60100,250000,,,,3
127,Rutgers,61263,74479,61263,58400,224000,,,,3
128,University of Connecticut,63322,73997,63322,56700,223000,,,,3
129,Creighton,63090,73911,63090,57200,175000,,,,3
130,William & Mary,62959,73490,54980,,,47000,,,2
131,College of New Jersey,62649,73323,62649,60100,219000,,,,3
132,Catholic University,63217,73250,63217,,172000,,,,2
133,University of Delaware,58846,72950,58846,57700,248000,,,,3
134,Purdue,60838,72424,54919,48800,263000,49000,,,4
135,UNC Chapel Hill,57057,72200,53528,,260000,50000,,,3
136,Texas A&M,59386,72097,56693,59400,227000,54000,,,4
137,Cal Poly Pomona,54466,71902,54466,55100,260000,,,,3
138,Drake,58233,71901,58233,57200,176000,,,,3
139,Kenyon,46627,71830,46627,48000,77000,,,,3
140,Trinity University,55224,71668,55224,58100,201000,,,,3
141,UMass Amherst,60347,71631,60347,,220000,,,,2
142,University of Florida,56398,71588,52199,56700,292000,48000,,,4
143,Loyola Chicago,58411,71530,58411,53500,143000,,,,3
144,Gettysburg,57274,71517,57274,58800,185000,,,,3
145,Clemson,58311,71513,58311,52300,210000,,,,3
146,Vassar,49177,71366,44088,46000,110000,39000,,,4
147,Yeshiva,60252,71353,60252,46400,118000,,,,3
148,University of Denver,57118,71155,57118,51200,141000,,,,3
149,SUNY Buffalo,53742,70814,53742,52700,215000,,,,3
150,Saint Louis University,60716,70783,60716,57100,194000,,,,3
151,DePauw,58476,70527,58476,52900,188000,,,,3
152,Pace,52767,70378,52767,60700,152000,,,,3
153,Dickinson,57110,70204,57110,55100,169000,,,,3
154,Chapman,58080,70070,58080,47900,97000,,,,3
155,UMBC,55137,69960,55137,,216000,,,,2
156,James Madison,57438,69954,57438,55900,206000,,,,3
157,University of Rhode Island,57446,69743,57446,53400,222000,,,,3
158,University of Colorado Boulder,54939,69738,54939,,207000,,,,2
159,University of Puget Sound,46802,69594,46802,51400,95000,,,,3
160,St. John's,54189,69571,54189,,173000,,,,2
161,Pitzer,51784,69512,51784,43500,89000,,,,3
162,Bates,59202,69498,59202,55900,175000,,,,3
163,Skidmore,46923,69363,46923,47500,120000,,,,3
164,Muhlenberg,53265,69107,53265,60100,170000,,,,3
165,Hofstra,52131,69039,52131,55700,135000,,,,3
166,Wofford,52076,68964,52076,55100,157000,,,,3
167,Washington State,53510,68905,53510,50000,230000,,,,3
168,NC State,57623,68758,57623,52300,233000,,,,3
169,DePaul,54695,68751,54695,51300,161000,,,,3
170,University of Illinois,53218,68740,52609,,288000,52000,,,3
171,University of Georgia,57565,68726,57565,49900,237000,,,,3
172,Furman,50796,68635,50796,48100,132000,,,,3
173,TCU,60435,68424,60435,52200,125000,,,,3
174,UC Santa Cruz,49716,68396,49716,46100,206000,,,,3
175,UT Dallas,57249,68227,57249,57100,231000,,,,3
176,Rhode Island School of Design,45932,68140,45932,37800,56000,,,,3
177,SUNY Albany,51380,67979,51380,56300,215000,,,,3
178,Denison University,51352,67753,51352,53700,119000,,,,3
179,Wheaton (MA),51607,67725,51607,46600,148000,,,,3
180,UC Riverside,48593,67699,48593,52800,220000,,,,3
181,Whitman,45594,67589,45594,48500,101000,,,,3
182,Ramapo College of New Jersey,53872,67541,53872,49600,206000,,,,3
183,SUNY Geneseo,51097,67316,51097,51500,200000,,,,3
184,Michigan State,55084,67253,55084,52600,210000,,,,3
185,University of Utah,55239,67170,55239,41400,259000,,,,3
186,Bradley University,59114,66852,59114,54900,200000,,,,3
187,Rhodes,48898,66651,48898,52000,170000,,,,3
188,University of New Hampshire,53671,66479,53671,49100,182000,,,,3
189,Centre,50073,66240,50073,49400,177000,,,,3
190,University of Pittsburgh,54240,66125,54240,,153000,,,,2
191,Baylor,56532,65793,56532,50300,109000,,,,3
192,Gustavus Adolphus College,51546,65607,51546,53100,168000,,,,3
193,St. Olaf,48373,65543,48373,,171000,,,,2
194,Auburn,54629,65337,54629,47300,177000,,,,3
195,Colorado College,47611,65222,47611,43600,120000,,,,3
196,Sewanee,53456,64911,53456,46600,107000,,,,3
197,San Diego State,52620,64909,52620,51000,234000,,,,3
198,University of Massachusetts Lowell,61467,64874,61467,,226000,,,,2
199,Xavier (Cincinnati),54758,64873,54758,52200,162000,,,,3
200,University of Iowa,52696,64762,52696,52600,194000,,,,3
201,Cal State Long Beach,50062,64403,50062,48800,242000,,,,3
202,Towson,54302,64390,54302,,225000,,,,2
203,University of California Merced,48475,64368,48475,,214000,,,,2
204,Smith,45731,64027,45731,46600,116000,,,,3
205,Oregon State,50843,64010,50843,50000,189000,,,,3
206,Macalester,46244,63878,46244,47000,123000,,,,3
207,Ithaca College,46305,63548,46305,52500,101000,,,,3
208,Penn State,55620,63435,49810,50900,132000,44000,,,4
209,University of Missouri,52756,63403,52756,,188000,,,,2
210,Iowa State,53873,63386,53873,51900,216000,,,,3
211,Tulane,50220,63268,50220,,47000,,,,2
212,Howard University,47379,63066,47379,49600,39000,,,,3
213,California State University Fullerton,48558,62951,48558,47800,245000,,,,3
214,Reed,38607,62927,38607,36900,77000,,,,3
215,Grinnell,49004,62830,49004,47300,190000,,,,3
216,University of Minnesota,52840,62616,49420,,235000,46000,,,3
217,Western Washington,45272,62569,45272,45900,176000,,,,3
218,University of Vermont,48164,62472,48164,46700,171000,,,,3
219,Texas Tech,52588,62454,52588,48800,186000,,,,3
220,University of Houston,52768,62377,52768,,222000,,,,2
221,Lewis & Clark College,43608,62205,43608,41600,85000,,,,3
222,Illinois State,50599,62117,50599,49000,184000,,,,3
223,Allegheny,45603,62069,45603,52500,145000,,,,3
224,University of Kansas,51217,61945,51217,47300,191000,,,,3
225,Lake Forest College,51324,61825,51324,51400,141000,,,,3
226,Susquehanna,51535,61723,51535,52900,142000,,,,3
227,Florida State,49814,61675,49814,46400,247000,,,,3
228,University of Tulsa,54779,61408,54779,46400,150000,,,,3
229,High Point,50955,61389,50955,40800,92000,,,,3
230,University of Oregon,46084,61324,46084,43700,165000,,,,3
231,LSU,49218,61251,49218,,179000,,,,2
232,University of Nevada-Reno,49182,60614,49182,45900,197000,,,,3
233,University of Washington,49411,60613,49706,,286000,50000,,,3
234,Colorado State,49748,60543,49748,45800,183000,,,,3
235,Ohio State,51438,60409,46719,,187000,42000,,,3
236,SUNY Oneonta,49723,60386,49723,,184000,,,,2
237,Florida International,47768,60249,47768,46800,229000,,,,3
238,Spelman,45676,59993,45676,49800,68000,,,,3
239,University of Arizona,47665,59979,47665,,198000,,,,2
240,The College of Wooster,43895,59629,43895,47200,128000,,,,3
241,University of Alabama,52233,59221,52233,44300,171000,,,,3
242,California State University Los Angeles,45702,59211,45702,43000,235000,,,,3
243,Hampton,42721,59159,42721,45900,50000,,,,3
244,University of Kentucky,47266,59025,47266,40100,183000,,,,3
245,Samford,49466,58469,49466,40800,112000,,,,3
246,Hope,49727,58427,49727,46800,150000,,,,3
247,Mount Holyoke,48590,58418,48590,48900,105000,,,,3
248,Mercer,50231,58354,50231,46400,158000,,,,3
249,Oberlin,38871,58343,38871,38900,40000,,,,3
250,University of Central Florida,47137,58308,47137,46000,214000,,,,3
251,Rollins College,48239,58295,48239,42800,86000,,,,3
252,VCU,47161,58128,47161,40200,160000,,,,3
253,University of Wisconsin,50251,58084,50126,,257000,50000,,,3
254,Northern Illinois,46113,57808,46113,48000,192000,,,,3
255,University of South Florida,48328,57743,48328,42400,221000,,,,3
256,University of Hawaii Manoa,45701,57624,45701,,201000,,,,2
257,Oklahoma State,46855,57413,46855,45800,191000,,,,3
258,UNC Charlotte,48812,57289,48812,,186000,,,,2
259,UTSA,46340,57131,46340,43000,196000,,,,3
260,University of North Texas,46304,57010,46304,42000,183000,,,,3
261,Juniata College,48571,56918,48571,49500,136000,,,,3
262,University of Nebraska,47692,56887,47692,49000,181000,,,,3
263,Southwestern University,49249,56878,49249,50000,116000,,,,3
264,Florida Atlantic,45647,56746,45647,40500,215000,,,,3
265,College of Charleston,43821,56416,43821,39900,155000,,,,3
266,University of North Florida,46546,56343,46546,42400,214000,,,,3
267,Agnes Scott College,41382,56274,41382,38900,129000,,,,3
268,West Virginia,45181,55939,45181,28400,193000,,,,3
269,Lawrence,40653,55789,40653,,122000,,,,2
270,East Carolina,46420,55146,46420,41200,170000,,,,3
271,UNLV,42865,55037,42865,41500,189000,,,,3
272,University of North Carolina Wilmington,46972,54967,46972,,156000,,,,2
273,Old Dominion,46732,54914,46732,44300,178000,,,,3
274,Knox,37757,54820,37757,44700,95000,,,,3
275,University of Cincinnati,48310,54810,48310,39100,146000,,,,3
276,Northern Arizona,47308,54384,47308,,174000,,,,2
277,Pratt Institute,45060,54295,45060,33200,5000,,,,3
278,Binghamton University,40580,54247,40580,65700,252000,,,,3
279,University of Louisville,46571,53899,46571,39800,157000,,,,3
280,Sarah Lawrence,34251,53603,34251,34300,42000,,,,3
281,Western Michigan,45356,53562,45356,45000,144000,,,,3
282,Cornell,39299,53460,57650,79800,333000,76000,,,4
283,Beloit,41660,53260,41660,40600,128000,,,,3
284,University of Michigan,45453,53230,50726,68700,306000,56000,,,4
285,Loyola NOLA,34092,52927,34092,42800,114000,,,,3
286,Parsons (The New School),38210,52901,38210,32800,-13000,,,,3
287,Morehouse,38267,52889,38267,49800,42000,,,,3
288,Northeastern Illinois,43801,52234,43801,34900,173000,,,,3
289,Xavier Louisiana,40643,52184,40643,48400,141000,,,,3
290,Appalachian State,43663,51836,43663,39100,164000,,,,3
291,Eckerd College,37505,51819,37505,38800,61000,,,,3
292,Eastern Michigan,43148,51793,43148,38500,156000,,,,3
293,Boise State,45251,51658,45251,31900,151000,,,,3
294,Stetson,44792,51642,44792,44500,112000,,,,3
295,Mississippi State,43487,51513,43487,44100,154000,,,,3
296,Earlham College,35430,50797,35430,33300,79000,,,,3
297,Morgan State,40065,50698,40065,,158000,,,,2
298,Tuskegee,38332,49641,38332,38900,55000,,,,3
299,University of Puerto Rico Mayagüez,32706,48992,32706,,,,,,1
300,University of Maine,43124,48653,43124,,146000,,,,2
301,University of Oklahoma,43074,48351,43074,47200,185000,,,,3
302,Purdue Northwest,48439,48318,48439,,196000,,,,2
303,Bowling Green,41281,47896,41281,42600,116000,,,,3
304,SUNY Oswego,39440,47866,39440,,179000,,,,2
305,Georgia State,37844,47384,37844,38900,123000,,,,3
306,Coastal Carolina University,38070,47258,38070,37800,149000,,,,3
307,Indiana University,44827,47156,44827,,212000,,,,2
308,Wayne State,40857,47075,40857,38400,175000,,,,3
309,Hampshire,22195,46938,22195,31200,67000,,,,3
310,University of Akron,42269,46600,42269,35700,145000,,,,3
311,Bard,31072,46543,31072,30900,49000,,,,3
312,University of South Carolina,39689,45603,39689,,176000,,,,2
313,Prairie View A&M,36350,45411,36350,34800,136000,,,,3
314,Kent State,40179,45388,40179,36800,119000,,,,3
315,SUNY Purchase,31229,45092,31229,36200,97000,,,,3
316,Liberty,39707,44813,39707,,53000,,,,2
317,University of New Mexico,37150,44792,37150,34900,134000,,,,3
318,NC A&T,36638,44440,36638,,149000,,,,2
319,Florida A&M,36153,44349,36153,,145000,,,,2
320,Wesleyan,35630,44317,40815,56500,193000,46000,,,4
321,University of Tennessee,38863,44213,38863,,171000,,,,2
322,University of North Carolina at Asheville,36947,44030,36947,36500,136000,,,,3
323,Florida Tech,41941,43137,41941,59600,62000,,,,3
324,Tennessee State,34160,42730,34160,36200,136000,,,,3
325,Clark Atlanta,28097,42712,28097,35200,-1000,,,,3
326,Arizona State,36702,41651,36702,,225000,,,,2
327,School of the Art Institute of Chicago,26742,40151,26742,25500,-71000,,,,3
328,Jackson State,30530,39060,30530,31700,93000,,,,3
329,Texas Southern,32986,38924,32986,27700,89000,,,,3
330,Temple,34008,38678,34008,31600,168000,,,,3
331,Bennington,24711,38289,24711,19700,25000,,,,3
332,Juilliard,22129,37827,22129,,-51000,,,,2
333,Belmont,34145,35329,34145,37900,88000,,,,3
334,Berklee College of Music,26462,33647,26462,27400,-110000,,,,3
